214705183010193408,stormfather98,stormfather98,shini (adcal 2025 participant),he/him,4e41557be9ee67df1f1910a612982930.png,
1198839768994283610,iroharuka,iroharuka,Irohasu,ã„ã‚ã¯ã™,c92516f81c9166fde186a35dafff6282.png,
175990649361793024,ayamisensei,ayamisensei,å¦‚æœˆã‚ã‚„ã¿ã€€Kisaragi Ayami,ç²µ/ä¸­/è‡º/æ—¥/EN/VN/í•œ/LA OK!,b2b7bcb1c472b217731a706fadc8ce3d.png,
160039348597817344,kana.smurf,kana.smurf,kana,,f34a9066321aea829884fbdc60083f43.png,
567483114318725120,saki2529,saki2529,Saki/ã•ã/å’²,,589536e3945935b0955f20aae0296af1.png,
1169544091953012756,mfcats,mfcats,cc,,a15a4fcb8dd0549b2f0fc6bc05b26963.png,
681475127208312854,spiritualheartbeat,spiritualheartbeat,Perryã€æ˜Ÿã‚’ç·¨ã‚€ 0.3%ã€‘,Pronouns..... anything is fine rlly,11234a45e26a8f1f29d2122deba70710.png,
231805618141265930,kani_0518,kani_0518,ã‹ã«,kaniron,a8692f8d28e882a4a46101dd68c2bc17.png,
220298613073379328,hydrophobicx,hydrophobicx,Hydro,,ce94e595e7b893aea2d8b592bbf2d715.png,
294441472864944129,alexis4649,alexis4649,Alexis,,0dc386be0ebd3aff52b2fcca784307f1.png,
289842661630672896,coda1,coda1,coda,onii/san,9e04381404ad5daaf1c72f4b1b76d9c7.png,
1314649194786459762,littlecasperboo,littlecasperboo,Casper,,b0326c84894f9a7d34df0155a49ffa06.png,
221167310986149888,zeup.langton,zeup.langton,Elviselhetetlen SzerencsÃ©tlensÃ©g,,13904228f774df3b63315477603e5736.png,
175973856874332161,shodancitadel,shodancitadel,ã‚·ãƒ§ãƒ€ãƒ³,,609ddde49ede9ab302f28c37ee1e8ed6.png,
546655889415864330,throbbingdiscocat,throbbingdiscocat,throbbing disco cat,,138db41ef4ede51bb55208176ce77b4b.png,
146673688182259712,gamez7,gamez7,ğŸ—¿ ãŠæ­£æœˆãŒå¾…ã¡é ã—ã„gamez7,,2fc33785b3c003583578273988d9f034.png,
185051004763504640,oaxith,oaxith,October 31st,He/She/They (Any),e648b9ac9543508457d012576d3b0169.png,
1090395157700038676,phaz11,phaz11,phaze,,7f044261054e8a7253789e95633208e5.png,
406785812643184647,klutzuki,klutzuki,klutz (ã‚¯ãƒ©ãƒ„),,a_31ecf0e8f2880bcd32c78c9483fbd8dc.gif,
1053543415897391145,andromedaisthename,andromedaisthename,andromeda,"he/him, they/them (preferred)",a_b6d3ad7411fbadb270ce3f710e8400e4.gif,
718094067820396614,siren4913,siren4913,Canadian Billy,All the pronouns,a_56679e72bdc20cb92934658b770878d4.gif,fc7c5b49722d23ffa71b67eca25ab717.png
233487484791685120,pentacal,pentacal,uncalğŸ«ƒğŸ”°,,b2c283071a7504ae98dbf3c1cc1784ae.png,
567647358322737152,corun_cornus,corun_cornus,corunğŸ”°,corn,a_6cec2b9a446102368493cc8103259fa0.gif,
496822929749835786,umbre124,umbre124,ãƒ–ãƒ©ãƒƒã‚­ãƒ¼|Umbreon|ĞĞ¼Ğ±Ñ€ĞµĞ¾Ğ½,he/him,b44864ec9a2c7ea946b2075a1c7ffb3e.png,
441283734214279178,elnudev,elnudev,Elnuï¼ˆã‚¨ãƒ«ãƒŒï¼‰[tegakituesday.com],he/they/åƒ•,33da576752a0207165c987e203c58b6f.png,
1279751293958881281,slangeaterjapan,slangeaterjapan,Billyçˆº,,6c5996770c985bcd6e5b68131ff2ba04.png,
403530541481066506,jack0x01,jack0x01,Jack0x01,He/him,e54ba15d8a746df95b05e90098ba2652.png,
224852676469456896,poised_mediator,poised_mediator,Tact,,99f1e49eb766ebcc69bc9a0bcb7db76c.png,
702408310057336942,mo6003,mo6003,ã‚‚ â¸œ(* à¥‘ê’³ à¥‘*  )â¸,he/him,54b55b8f17552ebe6481af62ab11f9b8.png,
375442834280677377,_miko_35,_miko_35,ğŸ„mikoğŸ„,,ef3abb318c6c9f1592417c17f69b5bb1.png,
855375174365741066,ahotoxin4869,ahotoxin4869,haibaraaa,,2920933e9f6c0d6cf5af0801bc64f1af.png,
234079514500530186,cincat,cincat,cin cat,ç†è§£ã§ããªã„,cdaae108a74ac494cdb6dbf202afabef.png,
721183356255207526,richi02148,richi02148,ã‚Šã‚Š,,1e260be1813a1e94e9ab591aa6c37c5e.png,
700992656284844053,kowsoh,kowsoh,YomogieğŸ“,,0e7552597cf3bd7d2a82aafcc0e3d979.png,
208546518846799883,aphodes,aphodes,Pkr is still pushing his luck,,13bbe356a26e4571be4479aa2702d223.png,809a561685296dcbe15c3806f7fd5e59.png
701827834917683260,fishbob2000,fishbob2000,ãƒ“ãƒªãƒ¼é­šã‚¢ãƒ³ãƒ‰ãƒ­ã‚¤ãƒ‰4N,Fi/sh,d3e89af44bdc6d40414e8d33f9b416c7.png,
708308026326646784,lui0_0,lui0_0,Lui ( T_T)ï¼¼(^-^ ),ğ–¤ she/her,ca49a92581fa6ce186be5aec1dbc969e.png,
295746116027285525,mass_of_the_peakmenting_goats,mass_of_the_peakmenting_goats,SILLY BILLY,she/her,a_215bc25620469eb01af8a9fe3b166226.gif,
658974602076225561,lavuka,lavuka,MATAAAAAAAAAAAAAAAAAAAA,He/Him,929f941a546748280cdfe351bd75e853.png,
307678885942657046,chronathan,chronathan,ç©¹å´™(ã‚¯ãƒ­ãƒ³/chron),,f8d8e4223f8f5379fa23d3aa2283c45e.png,
838341081937477673,springnightsky,springnightsky,turnip,dar/ling,74ce443ee983fee2556e9350e8f767b3.png,
436069597603561483,feeroro,feeroro,ã“ã®è‰²ã‹ã£ã“ã„ã„ğŸµ,,89cf869ba7e7e2f05c1bdf1bcebc2a3f.png,
128369934857273344,espalchemist,espalchemist,ESPAlchemistã€ŒSPWã€,,a_ddfb9f18111578a348f296161c0ae2cd.gif,
473013785884622848,ayumminu,ayumminu,ayumminu (correct my English),doggo,dfa77f071e16535c0556078ca6b2be83.png,
317491770114048000,tofumars,tofumars,æ—¥æœ¬ãƒ€ãƒ¼ãƒ“ãƒ¼ã«è¡Œãã¦ã‡ã®TofuMars,,96c067db5f23f256dc3b1b12e3f3f46e.png,
953292724193357854,nagitsuki,nagitsuki,kashi,any,e8ea25d37adf27db2ba201810b5752c5.png,
297635569041801217,a.oi,a.oi,æ„›ç”Ÿ | Aoi,,611177f4cdb7efac9c943598d42ae8c9.png,